epoch,train_loss,train_accuracy,train_precision,train_recall,train_f1,val_loss,val_accuracy,val_precision,val_recall,val_f1
0,0.02921234131222396,0.7784593105316162,0.778459335513458,0.778459335513458,0.778459335513458,0.18165065136523334,0.2536276578903198,0.2536276628589071,0.2536276628589071,0.2536276628589071
1,0.013194853723528242,0.9065771102905273,0.906577139650535,0.906577139650535,0.906577139650535,0.19929495570688344,0.20052485167980194,0.20052485334979933,0.20052485334979933,0.20052485334979933
2,0.00814607154192531,0.9471352100372314,0.9471351999845198,0.9471351999845198,0.9471351999845198,0.2787878615836296,0.23633837699890137,0.23633837604198826,0.23633837604198826,0.23633837604198826
3,0.0054351378151198905,0.9660210013389587,0.9660210143385127,0.9660210143385127,0.9660210143385127,0.3465241170216578,0.2266131490468979,0.22661315220747144,0.22661315220747144,0.22661315220747144
4,0.00409796067599433,0.9759670495986938,0.975967027225759,0.975967027225759,0.975967027225759,0.3616980620282931,0.23016363382339478,0.23016363075023155,0.23016363075023155,0.23016363075023155
5,0.0031686072299035007,0.9810174107551575,0.9810174345478822,0.9810174345478822,0.9810174345478822,0.41884861760906467,0.23232479393482208,0.2323247916023464,0.2323247916023464,0.2323247916023464
