epoch,train_loss,train_accuracy,train_precision,train_recall,train_f1,val_loss,val_accuracy,val_precision,val_recall,val_f1
0,0.02051975719442929,0.8520869016647339,0.8516919953410637,0.8520868790015398,0.8515430912233615,0.28836696394139805,0.04044458270072937,0.07424660447654612,0.040444581661006486,0.05117564972022804
1,0.008244076028330515,0.9425318241119385,0.942478487302902,0.9425318097090526,0.9424867582930111,0.3117187388354004,0.054800864309072495,0.07285029040151526,0.05480086446434085,0.0602378488805594
2,0.005522797193893498,0.9629791975021362,0.9629545704878438,0.962979171731907,0.9629596281407836,0.442544738049859,0.05634455010294914,0.0622576192634911,0.056344550787280026,0.057746291083535205
3,0.004075546340871179,0.9728908538818359,0.9728823308040817,0.9728908339411622,0.972884249939122,0.42607199102318116,0.04615622013807297,0.05526291911696247,0.04615622105588144,0.05027077574908009
4,0.0030362798066562243,0.9808250069618225,0.9808219453377847,0.9808250263392495,0.9808226726260103,0.4834173351167418,0.043531954288482666,0.07197270212525742,0.04353195430688484,0.04959020452088138
5,0.0024707791930456686,0.9846341013908386,0.9846287118460205,0.9846340870410892,0.9846300380781559,0.4909038764711293,0.05233096703886986,0.058652525384081985,0.05233096634763816,0.05435668526104553
