epoch,train_loss,train_accuracy,train_precision,train_recall,train_f1,val_loss,val_accuracy,val_precision,val_recall,val_f1
0,0.05812405022487796,0.4668821096420288,0.4330511739821985,0.46688209911182493,0.4400084642310022,0.15413446900155597,0.17598024010658264,0.20628713983232855,0.17598024081506639,0.17461363764852356
1,0.04722078555882809,0.5842992663383484,0.5676051551630097,0.5842992317962808,0.5700154884022085,0.2063888922154296,0.1560666859149933,0.18906196934451597,0.15606668724915096,0.14898240324240147
2,0.04303160872092054,0.6341066956520081,0.6234534860067381,0.6341066971110122,0.6235635395250448,0.1713020178814588,0.19465884566307068,0.2754420204052337,0.19465884532263045,0.2014328090827326
3,0.03994407904848135,0.6650670766830444,0.6574009068502514,0.6650670485110006,0.656025306251548,0.19944772942267144,0.21287435293197632,0.23083669736824375,0.21287434393331275,0.21337293890929437
4,0.03779076199935555,0.6850945353507996,0.6795331885285,0.6850945258228681,0.678464952553129,0.2191992926078654,0.21179376542568207,0.25581572230564453,0.21179376350725532,0.22040616446633768
5,0.03526187489892416,0.7116817235946655,0.705934173132144,0.7116817275876082,0.7056977873790242,0.20097943171099697,0.20700834691524506,0.2407482861927453,0.20700833590614387,0.21740849260623343
