epoch,train_loss,train_accuracy,train_precision,train_recall,train_f1,val_loss,val_accuracy,val_precision,val_recall,val_f1
0,0.03429333822071809,0.9884188175201416,0.988422078654899,0.988418834589513,0.9884188153591578,0.029666910327481196,0.9868786931037903,0.9877726533199443,0.986878666255017,0.9870992376327737
1,0.012617349504617476,0.9961828589439392,0.9961829445458281,0.9961828349136883,0.9961828347028366,0.09965103745301639,0.9817845225334167,0.9836660676954405,0.9817845013893177,0.9822349681761782
2,0.006598338765823134,0.9980063438415527,0.9980063967827648,0.9980063214198882,0.9980063213444628,0.09012482462902131,0.9796233177185059,0.9814456499892564,0.9796233405372028,0.9801001472478872
3,0.0056858376940216,0.9983304738998413,0.9983305491681643,0.9983304967987682,0.9983304967549063,0.07880822532329639,0.9837912917137146,0.9850807838318044,0.9837912936091386,0.9841158697411005
4,0.004816844212239593,0.9987195134162903,0.9987195203559924,0.9987195072534241,0.9987195072450137,0.1422628471325739,0.9810126423835754,0.9827997165936516,0.9810126582278481,0.9814611796563353
5,0.0037269300009004558,0.9989545345306396,0.9989545376802977,0.9989545344031121,0.9989545344013955,0.05688080793543588,0.9841000437736511,0.9852478554054546,0.9841000308737264,0.9843966422337985
