epoch,train_loss,train_accuracy,train_precision,train_recall,train_f1,val_loss,val_accuracy,val_precision,val_recall,val_f1
0,0.03391819055153589,0.7409586310386658,0.7293447325916311,0.7409586098802221,0.733553057506548,0.20153337223877985,0.22182773053646088,0.24000361424184116,0.22182772460636,0.22872064393215838
1,0.018772137379753678,0.8611815571784973,0.8582226299151939,0.861181524410302,0.8586850264367644,0.19859371922493865,0.2792528569698334,0.3354420447158628,0.27925285581969744,0.2740438079453913
2,0.012518732956223865,0.9127885699272156,0.9118145568054765,0.9127885601501577,0.9118915670522274,0.2685765260327337,0.22553257644176483,0.28077387530753234,0.225532571781414,0.23865841964470536
3,0.009074396940300733,0.9387372136116028,0.9383795551107457,0.938737204667273,0.9383698570311999,0.33734605716459176,0.24868787825107574,0.2685145078076442,0.24868786662550169,0.25486831380918007
4,0.006913087173414633,0.9541593790054321,0.9539646386069599,0.9541593297083922,0.9539828815047214,0.2546127762883561,0.22491510212421417,0.27846180926876263,0.22491509725223835,0.230515792439109
5,0.005545868059169837,0.9642988443374634,0.9641965757479228,0.9642988447918884,0.9641981358540511,0.3537759173796036,0.2352578043937683,0.2692287321462372,0.23525779561593085,0.24057329964662574
6,0.004701918683414148,0.9702780842781067,0.9702843006360163,0.9702780626560111,0.970236089164067,0.35645603830890177,0.19033652544021606,0.2575310236706104,0.19033652361840075,0.20824066727647256
