epoch,train_loss,train_accuracy,train_precision,train_recall,train_f1,val_loss,val_accuracy,val_precision,val_recall,val_f1
0,0.019980164215153452,0.8560013175010681,0.8560012967015155,0.8560012967015155,0.8560012967015155,0.2871608364983229,0.02006792277097702,0.020067922198209322,0.020067922198209322,0.020067922198209322
1,0.008147923183288606,0.9435124397277832,0.9435124402301646,0.9435124402301646,0.9435124402301646,0.3562358306509803,0.08058042824268341,0.08058042605742513,0.08058042605742513,0.08058042605742513
2,0.005248206355566732,0.9653618335723877,0.9653618607666747,0.9653618607666747,0.9653618607666747,0.4385163634417417,0.1458783596754074,0.14587835751775238,0.14587835751775238,0.14587835751775238
3,0.0038395514815656633,0.9750627875328064,0.975062808979658,0.975062808979658,0.975062808979658,0.4372161015587554,0.057425130158662796,0.05742513121333745,0.05742513121333745,0.05742513121333745
4,0.003055328339328981,0.9805575609207153,0.9805575816516735,0.9805575816516735,0.9805575816516735,0.5355507053133514,0.07147267460823059,0.07147267675208398,0.07147267675208398,0.07147267675208398
5,0.002428952842062922,0.9846016764640808,0.9846016695032013,0.9846016695032013,0.9846016695032013,0.6854815249017596,0.08073479682207108,0.08073479468971904,0.08073479468971904,0.08073479468971904
