epoch,train_loss,train_accuracy,train_precision,train_recall,train_f1,val_loss,val_accuracy,val_precision,val_recall,val_f1
0,0.43761619554244,0.847945511341095,0.8476037020537512,0.8479455385363481,0.8475323995532786,10.325432214445447,0.1060512512922287,0.14092033654844033,0.10605125038592159,0.10529208952656004
1,0.18216184840863445,0.9357727766036987,0.9356855944922131,0.9357727530594051,0.9356961486010573,10.107683010401642,0.050941649824380875,0.06341670531686931,0.0509416486569929,0.05397097791849705
2,0.12353467664071739,0.9563578963279724,0.9563254253379344,0.9563578896182835,0.9563312681862701,19.229610931877,0.11083667725324631,0.09662714308044598,0.11083667798703303,0.08264558929258435
3,0.08970765577776693,0.9684901237487793,0.9684791724783871,0.9684901531728666,0.9684782496020351,11.918566438216198,0.03195430710911751,0.04038904069797113,0.031954306884841,0.03559490872941956
4,0.06751968974685497,0.976870059967041,0.9768649559747493,0.9768700867169139,0.9768646077589949,12.02842089113316,0.04893485829234123,0.06015463579318649,0.048934856437171964,0.05331729924551266
5,0.05269177026034295,0.982227087020874,0.982220888662491,0.9822270848529054,0.9822224046385459,12.868148337915084,0.04723680019378662,0.0528327521840865,0.04723680148193887,0.049504528426764075
6,0.04541802288656931,0.9848853349685669,0.9848847114466688,0.9848853229597212,0.9848840376130225,15.699940600487949,0.045075640082359314,0.05524806030320918,0.04507564062982402,0.04938364500487317
