epoch,train_loss,train_accuracy,train_precision,train_recall,train_f1,val_loss,val_accuracy,val_precision,val_recall,val_f1
0,0.06220747063463692,0.43255481123924255,0.4325548094970878,0.4325548094970878,0.4325548094970878,0.11582748726235749,0.23479469120502472,0.2347946897190491,0.2347946897190491,0.2347946897190491
1,0.05318040601226802,0.5483078360557556,0.5483078232937943,0.5483078232937943,0.5483078232937943,0.1363192662279265,0.27585673332214355,0.27585674590923126,0.27585674590923126,0.27585674590923126
2,0.04653972248715657,0.6235995292663574,0.6235995278546411,0.6235995278546411,0.6235995278546411,0.1386537734475464,0.24945971369743347,0.2494597097869713,0.2494597097869713,0.2494597097869713
3,0.04202206670203091,0.6659377813339233,0.6659378083941253,0.6659378083941253,0.6659378083941253,0.14774386898515843,0.2138005495071411,0.21380055572707626,0.21380055572707626,0.21380055572707626
4,0.04052132630135439,0.6830240488052368,0.6830240523229939,0.6830240523229939,0.6830240523229939,0.15615684633160787,0.19666564464569092,0.19666563754245137,0.19666563754245137,0.19666563754245137
5,0.03736287759200931,0.7092822790145874,0.709282300354109,0.709282300354109,0.709282300354109,0.1688491597555419,0.24112381041049957,0.2411238036430997,0.2411238036430997,0.2411238036430997
