epoch,train_loss,train_accuracy,train_precision,train_recall,train_f1,val_loss,val_accuracy,val_precision,val_recall,val_f1
0,0.03344149032774597,0.9882648587226868,0.9882690075591318,0.9882648512845449,0.9882648263113215,0.035308876479251385,0.9841000437736511,0.9493820654919793,0.9842252224184624,0.9658603582770777
1,0.01120880829028655,0.9964665174484253,0.9964668974108053,0.9964664883702083,0.9964664876423903,0.057724467647036974,0.9857980608940125,0.9520096185865039,0.9892928650645378,0.9695799992486569
2,0.008556204374930513,0.9975524544715881,0.9975526453014306,0.9975524758894562,0.9975524756811165,0.04835951950290517,0.9851806163787842,0.9507369632888651,0.987915236953949,0.9682573905203378
3,0.004985797379614923,0.9984925985336304,0.9984927358850204,0.9984925844882081,0.9984925843737542,0.06321610166392515,0.9841000437736511,0.9476498818780605,0.9867835531023748,0.9660248082640646
4,0.004083781643784499,0.9987924695014954,0.9987925045044541,0.9987924467136721,0.9987924466786949,0.08970632233051433,0.9836369156837463,0.9438798809765256,0.9900994941820838,0.9653184317361998
5,0.003233055811211832,0.9990922808647156,0.9990923613885907,0.9990923089391361,0.9990923089152888,0.08106580332237895,0.982401967048645,0.9439985994520903,0.9832509088666468,0.9624144735516158
