epoch,train_loss,train_accuracy,train_precision,train_recall,train_f1,val_loss,val_accuracy,val_precision,val_recall,val_f1
0,0.02019899748999389,0.8543155789375305,0.8997038966548988,0.8939053954390141,0.8965631610498365,0.26835632811876386,0.040598951280117035,0.039607603118408434,0.030912950039120174,0.03128736975536239
1,0.008269224233829637,0.941851019859314,0.9727518501893119,0.972428155406635,0.9725798673707093,0.30634413800809296,0.07378820329904556,0.02526731698900182,0.033902206159419544,0.028800612263065472
2,0.005426039900123501,0.9633762836456299,0.9837490869940518,0.9835196673175353,0.9836318223760199,0.40448883588978746,0.048626117408275604,0.033146937540950494,0.031385788202221244,0.032084253387097215
3,0.0038176953131668113,0.9749331474304199,0.9887615271985672,0.9885800749800301,0.9886695315265733,0.41257965680661485,0.054183389991521835,0.03159432189874599,0.0323513819953727,0.031887521717295864
4,0.0029654554899060034,0.9810924530029297,0.9913535532263115,0.9912943204479867,0.991323467636758,0.5296773414951889,0.07085520029067993,0.03497458087767641,0.03461277402398427,0.034624783356727064
5,0.002384663431774836,0.9844881892204285,0.9931857303148421,0.9931297828746201,0.993156869962509,0.503594467046637,0.07533188909292221,0.03963822353893202,0.03690299005333117,0.03451103410462266
