epoch,train_loss,train_accuracy,train_precision,train_recall,train_f1,val_loss,val_accuracy,val_precision,val_recall,val_f1
0,0.044107248567920886,0.638487696647644,0.6345129094484826,0.6384877218575249,0.6345345355978668,0.24246810050465584,0.1336832344532013,0.12680830414771968,0.1336832355665329,0.12936846337262423
1,0.030298298664903685,0.7592592835426331,0.7575368365480643,0.7592592592592593,0.7576712751684145,0.32931982055789494,0.06884840875864029,0.12235827759437572,0.06884841000308738,0.0771988012851704
2,0.027397240559246767,0.7837507128715515,0.782437921964273,0.7837507091336413,0.7821223976131203,0.3957565443112402,0.05788823962211609,0.09909305310461661,0.057888237110219204,0.06679018886972207
3,0.0274301234857051,0.7900316119194031,0.7890110350502048,0.7900316070994408,0.7886750540047078,0.47668247561132365,0.06174745410680771,0.11460255354241931,0.06174745291756715,0.07548325609441145
4,0.025817516103685167,0.8042710423469543,0.8033997090673692,0.8042710106167437,0.8031796062879694,0.4234677301711159,0.08042605966329575,0.11852196104638178,0.08042605742513122,0.092196070557275
5,0.027248387924154804,0.8005186915397644,0.7996896739901093,0.800518680606208,0.7995484357187954,0.5484215387152683,0.07826489955186844,0.12817635064401509,0.07826489657301636,0.08792023458786286
