epoch,train_loss,train_accuracy,train_precision,train_recall,train_f1,val_loss,val_accuracy,val_precision,val_recall,val_f1
0,0.4517950422526256,0.8431801795959473,0.8894548969169255,0.8840069348022153,0.8865551150337403,7.262644231301025,0.053874652832746506,0.029352469415525845,0.024419504302414168,0.0235463480964136
1,0.18193526645322722,0.9347273111343384,0.9681883570992657,0.9680656094152665,0.9681171183843702,10.13895115700722,0.061593085527420044,0.03011420020796432,0.028807383868547302,0.029393523032617296
2,0.12508604709436089,0.9561147689819336,0.9780353045839577,0.9780217803501562,0.9780247161390608,12.107387614272266,0.05263970419764519,0.03886623600186446,0.030427727383220048,0.030659590348282705
3,0.08911641934304337,0.9689683318138123,0.9855842912178909,0.9855201686655022,0.9855510962825261,16.55347408766951,0.07857363671064377,0.0434661854806333,0.04876976301795778,0.04032693324246337
4,0.06856621625500431,0.9765459299087524,0.9885781613200826,0.9884785451767304,0.9885272037953953,13.850174539948217,0.051250386983156204,0.02720051460193219,0.03600561872219621,0.029673096049405975
5,0.0548271284520318,0.9818299412727356,0.9911491383966424,0.9911442591657561,0.9911459716348454,16.581673932171192,0.04955233260989189,0.025398460378746917,0.037886817092507005,0.029354444047162236
