epoch,train_loss,train_accuracy,train_precision,train_recall,train_f1,val_loss,val_accuracy,val_precision,val_recall,val_f1
0,0.4490135024326993,0.844249963760376,0.8442499392171164,0.8442499392171164,0.8442499392171164,10.114359506746618,0.07672121375799179,0.07672121025007718,0.07672121025007718,0.07672121025007718
1,0.18889794893679332,0.9321177005767822,0.9321176756625335,0.9321176756625335,0.9321176756625335,9.63885252370478,0.050941649824380875,0.0509416486569929,0.0509416486569929,0.0509416486569929
2,0.1250095612078661,0.9559445977210999,0.9559445660102115,0.9559445660102115,0.9559445660102115,12.12409050709747,0.05588144809007645,0.05588144489039827,0.05588144489039827,0.05588144489039827
3,0.08977334225922098,0.9688791632652283,0.9688791636275225,0.9688791636275225,0.9688791636275225,11.79266169955238,0.06869404017925262,0.06869404137079345,0.06869404137079345,0.06869404137079345
4,0.06744437369178558,0.9769835472106934,0.9769835480995218,0.9769835480995218,0.9769835480995218,13.408716986450967,0.05788823962211609,0.057888237110219204,0.057888237110219204,0.057888237110219204
5,0.05571850829258501,0.9812464714050293,0.9812464543317935,0.9812464543317935,0.9812464543317935,15.11277741994266,0.0622105598449707,0.0622105588144489,0.0622105588144489,0.0622105588144489
6,0.04407557806346218,0.9853229522705078,0.9853229597212092,0.9853229597212092,0.9853229597212092,14.991980579172472,0.05819697678089142,0.05819697437480704,0.05819697437480704,0.05819697437480704
