epoch,train_loss,train_accuracy,train_precision,train_recall,train_f1,val_loss,val_accuracy,val_precision,val_recall,val_f1
0,0.3209768922895191,0.8886295557022095,0.8886770446588549,0.8886295485857849,0.8886261461333027,0.08110562335859665,0.9697437882423401,0.9703641528745199,0.9697437480703921,0.9700006144025166
1,0.2589149953898449,0.9132587909698486,0.9133728740795807,0.913258772996191,0.9132527869049305,0.11918686562185855,0.9749923348426819,0.9749537943017154,0.9749922815683854,0.9741226232305051
2,0.2603431734512996,0.9160628914833069,0.9161089365101882,0.9160628900235027,0.9160605678455788,0.11854725693130831,0.9777709245681763,0.9784762251777507,0.9777709169496758,0.9780240849555626
3,0.23207074768363642,0.9239646792411804,0.9240927062904495,0.9239646648837021,0.9239589253331117,0.09164925073148403,0.9717505574226379,0.9728377224761416,0.971750540290213,0.9721461386540031
4,0.22173146813400213,0.9278628826141357,0.9280543964232488,0.9278628738147338,0.9278548039080451,0.13491061574705554,0.9692806601524353,0.9729649493699672,0.9692806421735103,0.9702849042077498
5,0.22717009681904274,0.9265418648719788,0.9266477606340083,0.9265418591457979,0.9265373004618396,0.0861673702673619,0.9779253005981445,0.9775923363819465,0.9779252855819698,0.9775774357785757
