epoch,train_loss,train_accuracy,train_precision,train_recall,train_f1,val_loss,val_accuracy,val_precision,val_recall,val_f1
0,0.02866753600264574,0.7838193774223328,0.7800897455895667,0.7838193463495811,0.7807616790608416,0.22004660691659955,0.20175981521606445,0.27179250914453906,0.20175980240815067,0.21525982535750376
1,0.013180664273264683,0.9083960652351379,0.9079646766637107,0.9083960602952843,0.9080455787478185,0.29507053873722255,0.22584131360054016,0.2845962672582489,0.22584130904600186,0.23996148837999293
2,0.00817823179413848,0.9466514587402344,0.9466030541838945,0.946651444493895,0.9465666968983218,0.30398065580486994,0.16965113580226898,0.26283985330954507,0.16965112689101575,0.17622601107438654
3,0.005562946399262826,0.9653631448745728,0.9653510570528812,0.965363106871263,0.9653367648336355,0.28089429479979117,0.2209015190601349,0.29464115523622797,0.22090151281259648,0.22134639504678852
4,0.0041582099128436925,0.9744190573692322,0.9744259527151937,0.9744190096557596,0.9744078820348491,0.40094245041399396,0.2510034143924713,0.27597091042375554,0.25100339610991046,0.258382096315416
5,0.0033357688695485796,0.9804562926292419,0.9804617689759144,0.9804562781787574,0.9804506471853672,0.3609177393102101,0.1945044845342636,0.2999856066050428,0.19450447669033652,0.214642653404941
