epoch,train_loss,train_accuracy,train_precision,train_recall,train_f1,val_loss,val_accuracy,val_precision,val_recall,val_f1
0,0.035000670131614287,0.988021731376648,0.988021719750385,0.988021719750385,0.988021719750385,0.14913590707853275,0.9712874889373779,0.9712874343933313,0.9712874343933313,0.9712874343933313
1,0.011883692627890024,0.9962314367294312,0.9962314612205203,0.9962314612205203,0.9962314612205203,0.08456845964175942,0.9803951978683472,0.9803951836986724,0.9803951836986724,0.9803951836986724
2,0.008610955769095596,0.9976902604103088,0.9976902504254802,0.9976902504254802,0.9976902504254802,0.07347748341431878,0.9841000437736511,0.9841000308737264,0.9841000308737264,0.9841000308737264
3,0.005167359025827005,0.9984115362167358,0.9984115406434881,0.9984115406434881,0.9984115406434881,0.17932639800011876,0.9777709245681763,0.9777709169496758,0.9777709169496758,0.9777709169496758
4,0.004601102722829244,0.9987843632698059,0.9987843423292001,0.9987843423292001,0.9987843423292001,0.09068124317996487,0.9817845225334167,0.9817845013893177,0.9817845013893177,0.9817845013893177
5,0.0029045717395826103,0.9992300868034363,0.9992300834751601,0.9992300834751601,0.9992300834751601,0.21945294879247393,0.9776166081428528,0.9776165483173819,0.9776165483173819,0.9776165483173819
6,0.0037494713069323375,0.9989869594573975,0.9989869519410001,0.9989869519410001,0.9989869519410001,0.10515132028537247,0.9816301465034485,0.9816301327570238,0.9816301327570238,0.9816301327570238
7,0.0017101134802465074,0.9995218515396118,0.9995218413161521,0.9995218413161521,0.9995218413161521,0.10664956876946718,0.9851806163787842,0.9851806112997838,0.9851806112997838,0.9851806112997838
