epoch,train_loss,train_accuracy,train_precision,train_recall,train_f1,val_loss,val_accuracy,val_precision,val_recall,val_f1
0,0.0341183160094847,0.7379980087280273,0.7379980262775983,0.7379980262775983,0.7379980262775983,0.19594309352253203,0.19728311896324158,0.19728311207162705,0.19728311207162705,0.19728311207162705
1,0.019148924601309514,0.8586273193359375,0.858627295419803,0.858627295419803,0.858627295419803,0.3045478462068782,0.22198209166526794,0.2219820932386539,0.2219820932386539,0.2219820932386539
2,0.012816079857157681,0.9083573818206787,0.9083573598560344,0.9083573598560344,0.9083573598560344,0.48534781151106415,0.16332201659679413,0.1633220129669651,0.1633220129669651,0.1633220129669651
3,0.009269641643565696,0.9373052716255188,0.9373052884150235,0.9373052884150235,0.9373052884150235,0.2538780478387381,0.22954615950584412,0.22954615622105587,0.22954615622105587,0.22954615622105587
4,0.006910164103457418,0.9549139738082886,0.954913988273767,0.954913988273767,0.954913988273767,0.2956008345173921,0.24899660050868988,0.24899660389008954,0.24899660389008954,0.24899660389008954
5,0.005564453751188832,0.9643182158470154,0.9643181950115134,0.9643181950115134,0.9643181950115134,0.30842632221822275,0.22059278190135956,0.22059277554800866,0.22059277554800866,0.22059277554800866
